Description,Scientific Name,Max Score,Total Score,Query Cover,E value,Per. ident,Acc. Len,Accession  
"Expression vector pET151-OmyCasp3 DNA, complete sequence",Expression vector pET151-OmyCasp3,435,1431,99%,1.00E-116,87.8,6510,AB477343.1
"Chimeric dengue virus type 1 vector p4-D1L-CME, complete sequence",Chimeric dengue virus type 1 vector p4-D1L-CME,435,1431,99%,1.00E-116,87.8,15296,EF456758.1
"Cloning vector pBR939b, complete sequence",Cloning vector pBR939b,435,1431,99%,1.00E-116,87.8,5566,JQ394798.1
"Cloning vector pLW17, complete sequence",Cloning vector pLW17,435,1431,99%,1.00E-116,87.8,9063,KC820640.1
"Vector pAT153HIL2, complete sequence",Vector pAT153HIL2,435,1431,99%,1.00E-116,87.8,4385,LT727571.1
"Cloning vector pXZ240, complete sequence",Cloning vector pXZ240,435,1443,99%,1.00E-116,87.8,7014,AF316555.1
"Biobrick cloning vector BBa_J96007, complete sequence",Biobrick cloning vector BBa_J96007,435,1247,86%,1.00E-116,87.8,3476,JN204876.1
"pPL-Lambda cloning vector, complete sequence",unidentified cloning vector,435,1443,99%,1.00E-116,87.8,5216,U13863.1
"Cloning vector pAS1-tet tetracycline resistance gene, partial cds, TRP1 gene, complete cds, GAL4 (ADH1) gene, complete cds",Cloning vector pAS1-tet,435,1365,93%,1.00E-116,87.8,7190,U46855.1
"Vector pACTEM1, complete sequence",Vector pACTEM1,435,1042,97%,1.00E-116,87.8,5841,MN386081.1
,,,,,,,,
,,,,,,,,
,,,,,,,,
"		",,,,,,,,
